Title,Rating,Superhost,Location,Response Rate,Response Time,Cancellation Policy,Check-in Time,Check-out Time,Guest Maximum
Free Parking! Minutes to Downtown Atlanta Condo,I’m flexible,N/A,Free Parking! Minutes to Downtown Atlanta Condo,"English, Français, Español",100%,Cancellation policy,Check-in after 4:00 PM,Checkout before 10:00 AM,2 guests maximum
"Bold, Bright, Beautiful | * From 1 to 24 Guests *",loading,N/A,"Bold, Bright, Beautiful | * From 1 to 24 Guests *",100%,within an hour,Cancellation policy,Check-in after 4:00 PM,Checkout before 11:00 AM,4 guests maximum
ATL OASIS: No Pet Fee/ Near Downtown & Airport,I’m flexible,N/A,ATL OASIS: No Pet Fee/ Near Downtown & Airport,English,100%,Cancellation policy,Check-in after 3:00 PM,Checkout before 11:00 AM,6 guests maximum
"F3-near Downtown Atlanta, luxurious and peaceful",I’m flexible,N/A,"F3-near Downtown Atlanta, luxurious and peaceful",100%,within an hour,Cancellation policy,Check-in after 4:00 PM,Checkout before 10:00 AM,2 guests maximum
THE RED DOOR.,I’m flexible,N/A,THE RED DOOR.,STRL-2022-01072,English,Cancellation policy,Check-in: 4:00 PM - 12:00 AM,Checkout before 11:00 AM,10 guests maximum
Modern Luxurious Oasis-ATL/5*Amenities,I’m flexible,N/A,Modern Luxurious Oasis-ATL/5*Amenities,100%,within an hour,Cancellation policy,Check-in after 4:00 PM,Checkout before 11:00 AM,3 guests maximum
Petite Virginia Highland Studio!,I’m flexible,N/A,Petite Virginia Highland Studio!,98%,within an hour,Cancellation policy,Check-in: 3:00 PM - 12:00 AM,Checkout before 11:00 AM,2 guests maximum
Room2@Love n Life Travel Pad,I’m flexible,4.90,Room2@Love n Life Travel Pad,N/A,N/A,Cancellation policy,Check-in: 2:00 PM - 2:00 AM,Checkout before 10:00 AM,2 guests maximum
Luxury Living In Buckhead,I’m flexible,N/A,Luxury Living In Buckhead,100%,within an hour,Cancellation policy,Check-in after 3:00 PM,Checkout before 11:00 AM,4 guests maximum
Stunning Modern New Luxury Home in Atlanta,I’m flexible,N/A,Stunning Modern New Luxury Home in Atlanta,English,100%,Cancellation policy,Check-in after 4:00 PM,Checkout before 11:00 AM,10 guests maximum
Midtown Atlanta Apartment,I’m flexible,N/A,Midtown Atlanta Apartment,100%,within an hour,Cancellation policy,Check-in: 3:00 PM - 12:00 AM,Checkout before 10:00 AM,2 guests maximum
NEW Luxury Penthouse w/CityViews,loading,N/A,NEW Luxury Penthouse w/CityViews,100%,within an hour,Cancellation policy,Check-in: 3:00 PM - 12:00 AM,Checkout before 10:00 AM,3 guests maximum
Luxe in The City-ATL w/balcony,I’m flexible,N/A,Luxe in The City-ATL w/balcony,100%,within an hour,Cancellation policy,Check-in after 4:00 PM,Checkout before 11:00 AM,3 guests maximum
"5 mins to DT, King bed, 4 BR/3 BA home, Sleeps 10",loading,N/A,"5 mins to DT, King bed, 4 BR/3 BA home, Sleeps 10",100%,within an hour,Cancellation policy,Check-in after 4:00 PM,Checkout before 11:00 AM,10 guests maximum
Atlanta Pools and Palms Paradise,I’m flexible,N/A,Atlanta Pools and Palms Paradise,STRL-2023-00093,100%,Cancellation policy,Check-in: 4:00 PM - 10:00 PM,Checkout before 11:00 AM,4 guests maximum
Two miles to Downtown Atlanta | PetOK | SmartTVs,loading,N/A,Two miles to Downtown Atlanta | PetOK | SmartTVs,STRL-2022-00575,"English, Português, Español",Cancellation policy,Check-in after 3:00 PM,Checkout before 11:00 AM,6 guests maximum
Heart of city studio,I’m flexible,N/A,Heart of city studio,English,100%,Cancellation policy,Check-in after 4:00 PM,Checkout before 10:00 AM,4 guests maximum
Downtown Beach Room *FREE PARKING* Private Room,loading,4.85,Downtown Beach Room *FREE PARKING* Private Room,N/A,N/A,Cancellation policy,Check-in after 3:00 PM,Checkout before 10:00 AM,2 guests maximum
Free Parking! Minutes to Downtown Atlanta Condo,I’m flexible,4.78,Free Parking! Minutes to Downtown Atlanta Condo,"English, Français, Español",100%,Cancellation policy,Check-in after 4:00 PM,Checkout before 10:00 AM,2 guests maximum
"Bold, Bright, Beautiful | * From 1 to 24 Guests *",loading,4.93,"Bold, Bright, Beautiful | * From 1 to 24 Guests *",100%,within an hour,Cancellation policy,Check-in after 4:00 PM,Checkout before 11:00 AM,4 guests maximum
ATL OASIS: No Pet Fee/ Near Downtown & Airport,I’m flexible,4.90,ATL OASIS: No Pet Fee/ Near Downtown & Airport,English,100%,Cancellation policy,Check-in after 3:00 PM,Checkout before 11:00 AM,6 guests maximum
"F3-near Downtown Atlanta, luxurious and peaceful",I’m flexible,4.92,"F3-near Downtown Atlanta, luxurious and peaceful",100%,within an hour,Cancellation policy,Check-in after 4:00 PM,Checkout before 10:00 AM,2 guests maximum
THE RED DOOR.,I’m flexible,4.98,THE RED DOOR.,STRL-2022-01072,English,Cancellation policy,Check-in: 4:00 PM - 12:00 AM,Checkout before 11:00 AM,10 guests maximum
Modern Luxurious Oasis-ATL/5*Amenities,I’m flexible,4.92,Modern Luxurious Oasis-ATL/5*Amenities,100%,within an hour,Cancellation policy,Check-in after 4:00 PM,Checkout before 11:00 AM,3 guests maximum
Petite Virginia Highland Studio!,loading,3.50,Petite Virginia Highland Studio!,98%,within an hour,Cancellation policy,Check-in: 3:00 PM - 12:00 AM,Checkout before 11:00 AM,2 guests maximum
Room2@Love n Life Travel Pad,I’m flexible,N/A,Room2@Love n Life Travel Pad,N/A,N/A,Cancellation policy,Check-in: 2:00 PM - 2:00 AM,Checkout before 10:00 AM,2 guests maximum
Luxury Living In Buckhead,I’m flexible,5.0,Luxury Living In Buckhead,100%,within an hour,Cancellation policy,Check-in after 3:00 PM,Checkout before 11:00 AM,4 guests maximum
Stunning Modern New Luxury Home in Atlanta,I’m flexible,4.89,Stunning Modern New Luxury Home in Atlanta,English,100%,Cancellation policy,Check-in after 4:00 PM,Checkout before 11:00 AM,10 guests maximum
❤ King Lodges Ste-A comfy king Netflix/Disney/Amzn,I’m flexible,4.46,❤ King Lodges Ste-A comfy king Netflix/Disney/Amzn,N/A,N/A,Cancellation policy,Check-in: 4:00 PM - 12:00 AM,Checkout before 11:00 AM,3 guests maximum
Midtown Atlanta Apartment,I’m flexible,New,Midtown Atlanta Apartment,100%,within an hour,Cancellation policy,Check-in: 3:00 PM - 12:00 AM,Checkout before 10:00 AM,2 guests maximum
Luxe in The City-ATL w/balcony,loading,4.78,Luxe in The City-ATL w/balcony,100%,within an hour,Cancellation policy,Check-in after 4:00 PM,Checkout before 11:00 AM,3 guests maximum
"5 mins to DT, King bed, 4 BR/3 BA home, Sleeps 10",loading,4.93,"5 mins to DT, King bed, 4 BR/3 BA home, Sleeps 10",100%,within an hour,Cancellation policy,Check-in after 4:00 PM,Checkout before 11:00 AM,10 guests maximum
Atlanta Pools and Palms Paradise,I’m flexible,5.0,Atlanta Pools and Palms Paradise,STRL-2023-00093,100%,Cancellation policy,Check-in: 4:00 PM - 10:00 PM,Checkout before 11:00 AM,4 guests maximum
Two miles to Downtown Atlanta | PetOK | SmartTVs,I’m flexible,4.80,Two miles to Downtown Atlanta | PetOK | SmartTVs,STRL-2022-00575,"English, Português, Español",Cancellation policy,Check-in after 3:00 PM,Checkout before 11:00 AM,6 guests maximum
Heart of city studio,I’m flexible,4.88,Heart of city studio,English,100%,Cancellation policy,Check-in after 4:00 PM,Checkout before 10:00 AM,4 guests maximum
Downtown Beach Room *FREE PARKING* Private Room,loading,N/A,Downtown Beach Room *FREE PARKING* Private Room,N/A,N/A,Cancellation policy,Check-in after 3:00 PM,Checkout before 10:00 AM,2 guests maximum
Free Parking! Minutes to Downtown Atlanta Condo,I’m flexible,N/A,Free Parking! Minutes to Downtown Atlanta Condo,"English, Français, Español",100%,Cancellation policy,Check-in after 4:00 PM,Checkout before 10:00 AM,2 guests maximum
"Bold, Bright, Beautiful | * From 1 to 24 Guests *",loading,N/A,"Bold, Bright, Beautiful | * From 1 to 24 Guests *",100%,within an hour,Cancellation policy,Check-in after 4:00 PM,Checkout before 11:00 AM,4 guests maximum
Archimedes’ Nest at the Emu Ranch,I’m flexible,N/A,Archimedes’ Nest at the Emu Ranch,00291,English,Cancellation policy,Check-in: 3:00 PM - 11:00 PM,Checkout before 11:00 AM,2 guests maximum
ATL OASIS: No Pet Fee/ Near Downtown & Airport,I’m flexible,N/A,ATL OASIS: No Pet Fee/ Near Downtown & Airport,English,100%,Cancellation policy,Check-in after 3:00 PM,Checkout before 11:00 AM,6 guests maximum
Downtown Beach Room *FREE PARKING* Private Room,loading,4.85,Downtown Beach Room *FREE PARKING* Private Room,N/A,N/A,Cancellation policy,Check-in after 3:00 PM,Checkout before 10:00 AM,2 guests maximum
Room2@Love n Life Travel Pad,loading,4.90,Room2@Love n Life Travel Pad,N/A,N/A,Cancellation policy,Check-in: 2:00 PM - 2:00 AM,Checkout before 10:00 AM,2 guests maximum
Midtown Atlanta Apartment,I’m flexible,N/A,Midtown Atlanta Apartment,100%,within an hour,Cancellation policy,Check-in: 3:00 PM - 12:00 AM,Checkout before 10:00 AM,2 guests maximum
Secluded Intown Treehouse,I’m flexible,N/A,Secluded Intown Treehouse,English,90%,Cancellation policy,Check-in: 3:00 PM - 11:00 PM,Checkout before 11:00 AM,2 guests maximum
Kirkwood Studio Guesthouse,I’m flexible,N/A,Kirkwood Studio Guesthouse,100%,within an hour,Cancellation policy,Check-in after 3:00 PM,Checkout before 12:00 PM,3 guests maximum
Beautiful newly renovated room! Washer/dryer incl.,loading,4.84,Beautiful newly renovated room! Washer/dryer incl.,N/A,N/A,Cancellation policy,Check-in: 3:00 PM - 12:00 AM,Checkout before 11:00 AM,2 guests maximum
"Vagabonds, Eddie’s Attic, Downtown Decatur",I’m flexible,N/A,"Vagabonds, Eddie’s Attic, Downtown Decatur",English,100%,Cancellation policy,Check-in after 2:00 PM,Checkout before 10:00 AM,4 guests maximum
Bright & Modern King Bedroom Private Guesthouse,I’m flexible,N/A,Bright & Modern King Bedroom Private Guesthouse,"English, Português",100%,Cancellation policy,Check-in after 3:00 PM,Checkout before 11:00 AM,3 guests maximum
Alpaca Treehouse in the Bamboo Forest,I’m flexible,N/A,Alpaca Treehouse in the Bamboo Forest,English,100%,Cancellation policy,Check-in: 3:00 PM - 1:00 AM,Checkout before 11:00 AM,2 guests maximum
Free Parking! Minutes to Downtown Atlanta Condo,I’m flexible,N/A,Free Parking! Minutes to Downtown Atlanta Condo,"English, Français, Español",100%,Cancellation policy,Check-in after 4:00 PM,Checkout before 10:00 AM,2 guests maximum
"Bold, Bright, Beautiful | * From 1 to 24 Guests *",I’m flexible,N/A,"Bold, Bright, Beautiful | * From 1 to 24 Guests *",100%,within an hour,Cancellation policy,Check-in after 4:00 PM,Checkout before 11:00 AM,4 guests maximum
ATL OASIS: No Pet Fee/ Near Downtown & Airport,I’m flexible,N/A,ATL OASIS: No Pet Fee/ Near Downtown & Airport,English,100%,Cancellation policy,Check-in after 3:00 PM,Checkout before 11:00 AM,6 guests maximum
"F3-near Downtown Atlanta, luxurious and peaceful",loading,N/A,"F3-near Downtown Atlanta, luxurious and peaceful",100%,within an hour,Cancellation policy,Check-in after 4:00 PM,Checkout before 10:00 AM,2 guests maximum
Free Parking! Minutes to Downtown Atlanta Condo,I’m flexible,N/A,Free Parking! Minutes to Downtown Atlanta Condo,"English, Français, Español",100%,Cancellation policy,Check-in after 4:00 PM,Checkout before 10:00 AM,2 guests maximum
"Bold, Bright, Beautiful | * From 1 to 24 Guests *",loading,N/A,"Bold, Bright, Beautiful | * From 1 to 24 Guests *",100%,within an hour,Cancellation policy,Check-in after 4:00 PM,Checkout before 11:00 AM,4 guests maximum
Month+ Ready: Modern Nook,I’m flexible,N/A,Month+ Ready: Modern Nook,"English, Español",100%,Cancellation policy,Check-in after 4:00 PM,Checkout before 11:00 AM,2 guests maximum
Heart of city studio,I’m flexible,N/A,Heart of city studio,English,100%,Cancellation policy,Check-in after 4:00 PM,Checkout before 10:00 AM,4 guests maximum
